furniture,type,rate,delivery,sale,price
0,165,3.3,172.14,0.72,2500.0
0,264,0.0,172.14,0.54,1200.0
1,264,0.0,172.14,0.18,1099.0
2,264,0.0,172.14,0.58,1200.0
3,264,5.0,52.44,0.54,1400.0
4,278,4.3,172.14,0.58,2000.0
5,264,4.1,52.44,0.53,2000.0
6,264,4.0,172.14,0.68,2000.0
7,264,0.0,172.14,0.0,900.0
1,264,0.0,172.14,0.18,1099.0
8,264,0.0,172.14,0.41,1600.0
9,277,4.6,172.14,0.28,900.0
10,264,4.3,172.14,0.28,900.0
11,264,0.0,172.14,0.68,3000.0
1,264,0.0,172.14,0.18,1099.0
12,264,4.3,172.14,0.53,2000.0
13,449,3.9,52.44,0.16,1600.0
14,437,4.8,52.44,0.43,350.0
1,264,0.0,172.14,0.18,1099.0
15,264,4.1,52.44,0.25,1000.0
16,265,4.3,52.44,0.15,2000.0
17,264,3.8,172.14,0.56,1800.0
0,137,0.0,172.14,0.0,1000.0
18,264,0.0,172.14,0.17,3948.0
19,446,0.0,172.14,0.2,2500.0
20,576,0.0,327.91,0.29,589.0
6,134,0.0,172.14,0.5,1300.0
10,264,4.3,172.14,0.5,1400.0
21,264,0.0,172.14,0.0,5000.0
11,264,0.0,172.14,0.58,3000.0
21,264,0.0,172.14,0.0,5000.0
11,264,0.0,172.14,0.7,3000.0
20,576,0.0,333.09,0.29,609.0
20,576,0.0,430.03,0.17,836.0
20,576,0.0,415.97,0.23,857.0
11,264,0.0,172.14,0.68,3000.0
11,264,0.0,172.14,0.68,3000.0
22,264,0.0,172.14,0.13,4500.0
23,264,0.0,172.14,0.33,1199.0
12,137,0.0,172.14,0.29,1200.0
0,165,3.3,172.14,0.72,2500.0
0,264,0.0,172.14,0.54,1200.0
1,264,0.0,172.14,0.18,1099.0
2,264,0.0,172.14,0.58,1200.0
3,264,5.0,52.44,0.54,1400.0
4,278,4.3,172.14,0.58,2000.0
5,264,4.1,52.44,0.53,2000.0
6,264,4.0,172.14,0.68,2000.0
7,264,0.0,172.14,0.0,900.0
1,264,0.0,172.14,0.18,1099.0
8,264,0.0,172.14,0.41,1600.0
9,277,4.6,172.14,0.28,900.0
10,264,4.3,172.14,0.28,900.0
11,264,0.0,172.14,0.68,3000.0
1,264,0.0,172.14,0.18,1099.0
12,264,4.3,172.14,0.53,2000.0
13,449,3.9,52.44,0.16,1600.0
14,437,4.8,52.44,0.43,350.0
1,264,0.0,172.14,0.18,1099.0
15,264,4.1,52.44,0.25,1000.0
16,265,4.3,52.44,0.15,2000.0
17,264,3.8,172.14,0.56,1800.0
0,137,0.0,172.14,0.0,1000.0
18,264,0.0,172.14,0.17,3948.0
19,446,0.0,172.14,0.2,2500.0
20,576,0.0,327.91,0.29,589.0
6,134,0.0,172.14,0.5,1300.0
10,264,4.3,172.14,0.5,1400.0
21,264,0.0,172.14,0.0,5000.0
11,264,0.0,172.14,0.58,3000.0
21,264,0.0,172.14,0.0,5000.0
11,264,0.0,172.14,0.7,3000.0
20,576,0.0,333.09,0.29,609.0
20,576,0.0,430.03,0.17,836.0
20,576,0.0,415.97,0.23,857.0
11,264,0.0,172.14,0.68,3000.0
11,264,0.0,172.14,0.68,3000.0
22,264,0.0,172.14,0.13,4500.0
23,264,0.0,172.14,0.33,1199.0
12,137,0.0,172.14,0.29,1200.0
24,272,4.2,172.14,0.69,2200.0
11,264,0.0,172.14,0.68,3000.0
25,178,0.0,52.44,0.32,1200.0
11,264,0.0,172.14,0.72,3000.0
5,264,4.2,52.44,0.15,1650.0
11,264,0.0,52.44,0.68,3000.0
26,258,4.0,52.44,0.31,1290.0
17,264,4.3,172.14,0.56,1800.0
27,264,0.0,52.44,0.54,1400.0
5,137,5.0,52.44,0.6,2200.0
28,264,5.0,52.44,0.54,1400.0
29,264,4.3,172.14,0.16,4800.0
30,270,4.0,172.14,0.4,500.0
31,264,5.0,52.44,0.18,2200.0
32,260,0.0,52.44,0.3,1420.0
33,264,4.2,52.44,0.29,450.0
34,158,0.0,172.14,0.54,2050.0
5,264,4.1,52.44,0.46,3500.0
35,258,0.0,52.44,0.11,2200.0
36,241,3.9,52.44,0.29,450.0
37,268,4.2,172.14,0.6,1100.0
38,264,4.0,172.14,0.17,3500.0
39,290,4.2,172.14,0.56,2000.0
40,264,4.2,52.44,0.12,2049.0
41,264,2.0,172.14,0.3,4000.0
2,264,4.4,172.14,0.56,1100.0
18,264,0.0,172.14,0.17,5004.0
42,264,0.0,172.14,0.0,450.0
43,279,0.0,52.44,0.52,1950.0
44,264,0.0,52.44,0.0,1299.0
45,264,4.4,52.44,0.2,100.0
46,12,0.0,172.14,0.3,3999.0
1,264,0.0,172.14,0.18,1099.0
1,264,0.0,172.14,0.18,1099.0
47,276,4.4,52.44,0.14,1450.0
1,264,0.0,172.14,0.18,1099.0
48,264,4.4,52.44,0.06,400.0
49,269,4.2,52.44,0.28,400.0
2,264,4.3,172.14,0.56,1100.0
11,264,0.0,172.14,0.73,3000.0
50,264,0.0,172.14,0.63,1850.0
51,137,0.0,172.14,0.35,2000.0
52,160,0.0,172.14,0.52,1950.0
53,264,0.0,52.44,0.15,350.0
54,264,0.0,10.83,0.33,888.0
55,264,5.0,172.14,0.17,4700.0
56,264,3.7,52.44,0.04,500.0
57,134,5.0,52.44,0.68,1400.0
58,137,0.0,52.44,0.33,2000.0
38,264,4.7,172.14,0.17,3500.0
59,264,2.0,172.14,0.21,3500.0
60,264,5.0,172.14,0.17,3500.0
61,264,5.0,52.44,0.18,2199.0
62,264,0.0,172.14,0.1,5900.0
63,264,5.0,172.14,0.25,4800.0
64,118,5.0,52.44,0.11,670.0
15,138,0.0,52.44,0.43,2000.0
11,264,0.0,52.44,0.62,3000.0
65,264,0.0,52.44,0.0,860.0
57,134,0.0,52.44,0.68,1400.0
61,264,0.0,52.44,0.54,2000.0
63,264,5.0,172.14,0.2,4999.0
66,227,4.2,52.44,0.45,390.0
67,264,0.0,172.14,0.32,2500.0
68,450,4.6,52.44,0.11,1350.0
0,165,3.3,172.14,0.72,2500.0
69,178,0.0,52.44,0.36,950.0
70,256,4.2,52.44,0.21,490.0
71,194,0.0,52.44,0.4,850.0
72,264,0.0,172.14,0.12,3300.0
66,264,5.0,52.44,0.32,550.0
30,270,4.2,172.14,0.2,500.0
51,264,4.4,172.14,0.62,1999.0
11,264,0.0,52.44,0.68,3000.0
63,264,0.0,172.14,0.0,3500.0
56,264,3.5,52.44,0.38,888.0
73,264,0.0,172.14,0.48,4200.0
3,134,0.0,52.44,0.68,1400.0
74,25,4.5,172.14,0.16,8000.0
75,409,4.3,172.14,0.1,3000.0
76,261,0.0,52.44,0.22,890.0
77,264,5.0,172.14,0.0,3500.0
78,468,0.0,52.44,0.0,1150.0
79,283,3.0,52.44,0.53,1999.0
80,466,4.0,52.44,0.0,1100.0
81,264,0.0,52.44,0.43,350.0
82,451,4.9,52.44,0.11,1350.0
38,264,3.5,172.14,0.17,3500.0
83,264,0.0,52.44,0.1,990.0
84,264,0.0,52.44,0.33,888.0
64,118,3.5,52.44,0.0,670.0
85,245,5.0,52.44,0.6,3800.0
86,446,4.5,52.44,0.0,1850.0
76,567,0.0,52.44,0.09,1420.0
87,13,0.0,172.14,0.33,2999.0
0,264,0.0,172.14,0.66,2500.0
88,159,0.0,172.14,0.52,1950.0
89,151,0.0,172.14,0.0,6522.0
41,264,5.0,172.14,0.3,4000.0
72,264,0.0,172.14,0.36,3899.0
9,277,4.6,172.14,0.28,900.0
90,264,3.0,52.44,0.52,2000.0
11,264,0.0,52.44,0.6,3000.0
72,264,0.0,172.14,0.19,2700.0
91,394,0.0,52.44,0.12,740.0
92,203,4.1,52.44,0.2,399.0
93,274,3.2,52.44,0.21,1450.0
94,264,3.0,172.14,0.18,5500.0
95,264,0.0,52.44,0.47,450.0
96,264,5.0,172.14,0.1,5900.0
97,409,3.0,172.14,0.13,4000.0
98,264,3.9,52.44,0.25,1900.0
99,264,1.0,52.44,0.25,1600.0
100,480,0.0,172.14,0.07,8500.0
101,447,4.4,52.44,0.0,550.0
69,178,0.0,52.44,0.36,950.0
102,264,0.0,52.44,0.2,650.0
69,178,0.0,52.44,0.36,950.0
67,264,0.0,172.14,0.52,2500.0
103,264,3.4,172.14,0.2,2700.0
3,134,0.0,52.44,0.68,1400.0
104,264,0.0,172.14,0.0,425.0
105,264,0.0,172.14,0.68,2950.0
51,264,3.5,172.14,0.57,1500.0
106,264,0.0,52.44,0.42,950.0
107,178,4.5,52.44,0.32,1990.0
108,25,4.7,52.44,0.27,2200.0
109,490,0.0,52.44,0.2,5750.0
110,34,4.5,52.44,0.0,850.0
111,118,0.0,52.44,0.0,820.0
112,264,4.4,52.44,0.1,1000.0
67,264,0.0,172.14,0.44,2500.0
113,16,0.0,172.14,0.28,4999.0
15,137,0.0,52.44,0.64,550.0
114,178,4.0,52.44,0.32,1990.0
115,264,0.0,52.44,0.1,445.0
53,264,5.0,52.44,0.23,180.0
10,264,4.3,172.14,0.28,900.0
116,458,0.0,1236.07,0.5,6398.0
117,543,4.7,10.83,0.18,220.0
118,264,3.7,52.44,0.09,450.0
76,261,5.0,52.44,0.12,1700.0
119,409,4.1,172.14,0.18,4000.0
60,264,1.0,172.14,0.17,3500.0
120,28,0.0,172.14,0.0,4500.0
121,12,5.0,172.14,0.17,5999.0
122,264,0.0,172.14,0.05,5500.0
123,264,0.0,172.14,0.13,4500.0
124,34,0.0,52.44,0.0,1200.0
94,264,4.5,172.14,0.2,5500.0
125,264,0.0,172.14,0.18,4599.0
126,264,0.0,52.44,0.41,850.0
127,318,0.0,99.06,0.68,392.0
84,264,0.0,52.44,0.4,999.0
128,187,0.0,52.44,0.44,1050.0
2,264,3.8,172.14,0.38,800.0
77,264,0.0,172.14,0.14,3500.0
129,409,5.0,172.14,0.07,7500.0
40,266,4.0,52.44,0.17,1500.0
65,264,0.0,52.44,0.0,700.0
72,264,0.0,172.14,0.04,2700.0
130,144,0.0,172.14,0.19,1050.0
5,264,3.8,52.44,0.15,1650.0
53,264,0.0,52.44,0.2,250.0
64,118,0.0,52.44,0.11,670.0
38,264,0.0,172.14,0.17,3500.0
76,261,0.0,52.44,0.15,2290.0
131,446,3.6,52.44,0.24,7200.0
64,118,0.0,52.44,0.11,670.0
63,264,0.0,172.14,0.17,3500.0
132,264,3.8,52.44,0.37,750.0
133,264,0.0,172.14,0.33,389.0
134,281,0.0,52.44,0.53,2000.0
135,296,4.6,52.44,0.52,199.0
136,207,4.2,172.14,0.0,3500.0
11,264,0.0,172.14,0.7,3000.0
137,264,4.9,52.44,0.15,350.0
125,264,4.0,172.14,0.27,3500.0
138,264,3.0,52.44,0.0,3200.0
12,264,4.3,172.14,0.53,2000.0
139,145,0.0,52.44,0.31,1800.0
140,490,0.0,172.14,0.25,5900.0
141,502,3.0,52.44,0.34,600.0
142,143,0.0,172.14,0.54,2050.0
143,264,3.7,52.44,0.46,2500.0
119,409,0.0,172.14,0.18,4000.0
144,264,4.4,52.44,0.21,355.0
145,233,0.0,172.14,0.63,2550.0
146,264,4.2,52.44,0.0,299.0
38,264,0.0,172.14,0.17,3500.0
147,394,5.0,52.44,0.13,1610.0
148,264,4.4,172.14,0.11,450.0
149,264,0.0,172.14,0.0,399.0
150,264,5.0,172.14,0.3,4000.0
0,264,0.0,172.14,0.54,1200.0
136,28,0.0,172.14,0.0,5000.0
110,34,0.0,52.44,0.0,850.0
151,264,3.5,52.44,0.15,199.0
152,174,0.0,172.14,0.17,1320.0
119,12,0.0,172.14,0.17,3999.0
153,446,3.0,52.44,0.0,1925.0
154,448,3.7,52.44,0.0,1755.0
155,264,0.0,10.83,0.31,2000.0
125,264,5.0,172.14,0.16,4899.0
48,264,4.2,52.44,0.0,600.0
156,264,0.0,52.44,0.0,350.0
157,264,0.0,52.44,0.1,506.0
2,264,0.0,172.14,0.68,2500.0
158,172,0.0,172.14,0.17,1062.0
33,264,0.0,52.44,0.66,999.0
67,264,5.0,172.14,0.44,2500.0
125,264,0.0,172.14,0.36,3566.0
159,134,5.0,52.44,0.64,3300.0
160,30,0.0,52.44,0.52,3000.0
161,28,0.0,172.14,0.0,3500.0
162,264,0.0,52.44,0.0,499.0
2,264,0.0,172.14,0.7,2500.0
94,264,0.0,172.14,0.2,5500.0
163,529,0.0,52.44,0.36,550.0
164,237,5.0,52.44,0.18,4000.0
83,264,0.0,52.44,0.41,1500.0
5,137,0.0,52.44,0.53,1900.0
165,579,0.0,285.17,0.5,1258.0
77,28,0.0,172.14,0.0,6500.0
125,264,0.0,172.14,0.25,4000.0
166,431,2.0,172.14,0.27,3000.0
84,264,0.0,52.44,0.44,888.0
150,264,0.0,172.14,0.3,4000.0
11,264,0.0,52.44,0.68,3000.0
167,264,5.0,52.44,0.27,1750.0
168,142,0.0,172.14,0.55,2100.0
169,34,0.0,52.44,0.0,1250.0
150,264,0.0,172.14,0.3,4000.0
170,264,0.0,172.14,0.55,1850.0
171,264,0.0,172.14,0.17,2946.0
172,264,0.0,52.44,0.25,199.0
61,264,0.0,52.44,0.48,2000.0
173,264,0.0,172.14,0.17,2604.0
174,190,0.0,52.44,0.35,1850.0
111,118,0.0,52.44,0.0,820.0
175,245,5.0,52.44,0.24,10000.0
176,158,3.0,172.14,0.59,2550.0
74,25,5.0,172.14,0.11,6500.0
150,264,0.0,172.14,0.3,4000.0
177,264,0.0,52.44,0.0,399.0
178,14,0.0,172.14,0.4,2999.0
179,264,0.0,52.44,0.54,6000.0
180,409,3.8,172.14,0.18,4000.0
181,264,0.0,172.14,0.24,4780.0
123,264,0.0,172.14,0.13,4500.0
182,245,0.0,172.14,0.56,2500.0
183,245,4.5,52.44,0.43,1500.0
65,264,0.0,52.44,0.0,860.0
184,264,3.5,172.14,0.2,5500.0
185,424,0.0,172.14,0.17,3000.0
111,118,5.0,52.44,0.0,820.0
186,282,0.0,52.44,0.34,1600.0
187,446,5.0,52.44,0.15,650.0
188,534,0.0,52.44,0.17,546.0
189,487,0.0,10.83,0.26,1000.0
190,264,4.5,52.44,0.21,340.0
191,460,0.0,52.44,0.0,620.0
192,409,0.0,52.44,0.1,1000.0
193,348,0.0,234.89,0.5,986.24
194,446,0.0,52.44,0.18,600.0
121,409,0.0,172.14,0.14,7000.0
84,264,4.5,52.44,0.01,800.0
195,438,0.0,116.99,0.49,340.09
196,392,0.0,52.44,0.0,649.0
197,295,5.0,28.96,0.5,98.0
63,264,5.0,172.14,0.14,4999.0
5,137,0.0,52.44,0.54,1850.0
125,264,5.0,172.14,0.12,4599.0
198,264,0.0,52.44,0.36,6000.0
199,453,4.2,52.44,0.06,3500.0
200,264,0.0,22.23,0.17,228.0
6,134,0.0,172.14,0.5,1300.0
201,264,0.0,52.44,0.0,375.0
77,442,0.0,172.14,0.09,5500.0
64,118,2.0,52.44,0.0,670.0
54,264,4.3,10.83,0.13,759.0
202,409,0.0,172.14,0.11,9000.0
203,446,4.7,52.44,0.13,635.0
204,264,0.0,172.14,0.16,9500.0
205,264,0.0,172.14,0.5,2000.0
206,264,0.0,22.23,0.17,192.0
207,149,0.0,172.14,0.0,2925.0
208,264,0.0,52.44,0.41,850.0
209,178,0.0,52.44,0.34,1980.0
210,264,0.0,52.44,0.13,375.0
144,264,5.0,52.44,0.48,550.0
211,118,0.0,52.44,0.0,250.0
111,118,0.0,52.44,0.0,820.0
212,264,0.0,22.23,0.17,192.0
150,264,5.0,172.14,0.3,4000.0
213,12,0.0,172.14,0.33,2999.0
214,264,0.0,52.44,0.17,3450.0
215,207,5.0,172.14,0.0,3500.0
216,264,0.0,52.44,0.54,6000.0
217,245,0.0,172.14,0.31,4500.0
2,264,0.0,172.14,0.58,1200.0
67,264,0.0,172.14,0.44,2500.0
218,264,0.0,52.44,0.09,2200.0
219,264,0.0,52.44,0.1,50.0
220,264,0.0,172.14,0.24,1650.0
186,282,0.0,52.44,0.45,1700.0
221,34,0.0,52.44,0.0,2499.0
222,141,0.0,172.14,0.53,1900.0
223,267,0.0,52.44,0.23,1200.0
224,394,0.0,52.44,0.12,740.0
225,245,0.0,52.44,0.4,6000.0
38,264,5.0,172.14,0.17,3500.0
226,264,1.0,52.44,0.33,1499.0
227,264,3.3,52.44,0.12,150.0
170,264,0.0,172.14,0.46,1550.0
228,264,0.0,52.44,0.0,777.0
229,264,0.0,172.14,0.11,5500.0
230,137,0.0,52.44,0.63,2200.0
231,264,3.9,52.44,0.16,450.0
125,264,0.0,172.14,0.17,4999.0
232,12,0.0,172.14,0.28,4999.0
233,409,0.0,172.14,0.33,2999.0
234,151,0.0,172.14,0.0,3349.0
235,264,0.0,52.44,0.0,600.0
236,275,4.0,52.44,0.14,1450.0
237,559,0.0,172.14,0.0,4000.0
238,264,0.0,52.44,0.0,375.0
211,118,5.0,52.44,0.0,299.0
239,264,0.0,172.14,0.19,4000.0
240,246,3.8,52.44,0.56,2700.0
241,264,0.0,172.14,0.0,920.0
11,264,0.0,52.44,0.72,3000.0
242,264,0.0,52.44,0.0,1850.0
243,549,0.0,172.14,0.5,888.0
244,11,0.0,52.44,0.34,350.0
194,446,4.2,52.44,0.18,600.0
245,264,0.0,172.14,0.0,399.0
246,96,0.0,52.44,0.0,230.0
246,96,0.0,52.44,0.0,240.0
63,264,0.0,172.14,0.23,5699.0
247,285,0.0,52.44,0.53,1999.0
53,264,0.0,52.44,0.1,400.0
248,207,4.0,172.14,0.0,4000.0
249,25,5.0,172.14,0.1,3300.0
121,12,4.0,172.14,0.15,6499.0
121,12,4.0,172.14,0.15,6499.0
250,426,4.5,172.14,0.27,3000.0
251,486,0.0,10.83,0.26,1000.0
252,299,0.0,172.14,0.22,222.0
253,405,0.0,324.77,0.47,1595.4
254,264,0.0,172.14,0.27,2750.0
255,264,0.0,52.44,0.0,499.0
77,264,0.0,172.14,0.17,3500.0
256,137,0.0,52.44,0.39,1700.0
11,264,0.0,52.44,0.68,3000.0
257,264,1.0,172.14,0.17,3500.0
79,283,0.0,52.44,0.53,1999.0
77,264,0.0,172.14,0.0,6500.0
258,477,0.0,661.28,0.34,1990.0
259,264,0.0,52.44,0.17,1794.0
260,157,0.0,482.23,0.5,2323.2
261,264,0.0,172.14,0.24,4500.0
262,550,0.0,52.44,0.27,650.0
263,151,0.0,172.14,0.0,5164.0
70,256,0.0,52.44,0.5,999.0
264,264,0.0,52.44,0.27,300.0
265,264,0.0,172.14,0.2,6500.0
231,264,5.0,52.44,0.43,650.0
266,264,0.0,172.14,0.05,5500.0
267,493,5.0,172.14,0.5,1600.0
148,264,4.0,172.14,0.5,800.0
268,178,0.0,52.44,0.0,270.0
256,137,0.0,52.44,0.39,1700.0
269,264,0.0,52.44,0.44,500.0
0,137,0.0,172.14,0.0,1000.0
270,490,0.0,52.44,0.25,11200.0
121,409,0.0,172.14,0.21,7000.0
271,264,0.0,172.14,0.0,406.0
263,151,5.0,172.14,0.0,3872.0
272,264,0.0,52.44,0.4,230.0
273,264,0.0,172.14,0.54,1850.0
50,264,0.0,172.14,0.48,2200.0
274,479,0.0,172.14,0.19,6200.0
275,264,0.0,172.14,0.0,20000.0
276,12,0.0,172.14,0.25,5999.0
277,304,0.0,92.4,0.68,338.0
278,118,0.0,52.44,0.0,1250.0
279,264,0.0,52.44,0.2,500.0
53,264,5.0,52.44,0.45,1000.0
280,28,0.0,172.14,0.0,9000.0
281,264,0.0,52.44,0.25,1200.0
282,452,4.6,52.44,0.0,1700.0
283,96,0.0,52.44,0.0,240.0
284,28,3.7,172.14,0.0,4000.0
285,264,0.0,172.14,0.0,3000.0
248,207,3.5,172.14,0.0,2500.0
65,264,0.0,52.44,0.0,860.0
244,11,0.0,52.44,0.34,350.0
255,264,0.0,52.44,0.0,499.0
286,264,0.0,172.14,0.13,2800.0
123,264,0.0,172.14,0.13,4500.0
287,232,0.0,172.14,0.63,2550.0
288,236,0.0,52.44,0.25,7900.0
256,137,0.0,52.44,0.39,1700.0
289,264,0.0,10.83,0.65,950.0
281,264,0.0,52.44,0.25,1200.0
290,264,0.0,172.14,0.0,950.0
291,245,0.0,172.14,0.4,4500.0
77,264,0.0,172.14,0.0,6000.0
110,34,4.5,52.44,0.0,850.0
292,495,3.0,52.44,0.0,465.0
165,579,0.0,285.17,0.5,1258.0
293,409,4.0,172.14,0.13,4000.0
294,264,0.0,52.44,0.1,648.0
264,245,3.5,52.44,0.56,1600.0
295,264,0.0,52.44,0.0,10500.0
296,25,5.0,52.44,0.17,3000.0
297,409,0.0,172.14,0.25,16000.0
298,205,0.0,172.14,0.0,50000.0
96,12,0.0,172.14,0.1,6999.0
299,25,0.0,52.44,0.09,6000.0
123,264,3.0,172.14,0.13,4500.0
300,264,3.0,172.14,0.1,5000.0
301,416,4.3,52.44,0.06,2700.0
29,264,3.7,172.14,0.29,3500.0
302,400,1.0,52.44,0.39,500.0
124,34,0.0,52.44,0.0,1199.0
303,409,0.0,172.14,0.17,12000.0
304,563,0.0,92.5,0.5,500.0
305,12,0.0,172.14,0.27,4500.0
306,264,3.7,52.44,0.24,550.0
307,326,0.0,94.25,0.68,353.0
308,413,3.0,172.14,0.18,4000.0
309,288,3.9,172.14,0.5,2000.0
310,264,0.0,52.44,0.34,1050.0
311,264,0.0,52.44,0.33,1050.0
312,528,0.0,96.08,0.46,428.48
17,134,0.0,172.14,0.0,1800.0
313,58,0.0,108.92,0.5,305.28
314,461,0.0,52.44,0.0,455.0
214,264,0.0,52.44,0.61,3500.0
254,264,0.0,172.14,0.27,2750.0
279,264,0.0,52.44,0.13,400.0
315,398,0.0,195.26,0.5,772.0
316,264,0.0,52.44,0.0,2200.0
63,264,0.0,172.14,0.19,4800.0
317,264,0.0,52.44,0.17,2124.0
318,264,0.0,52.44,0.0,10500.0
201,264,0.0,52.44,0.0,375.0
319,28,4.0,172.14,0.0,3500.0
296,25,5.0,52.44,0.22,3000.0
121,409,3.4,172.14,0.08,6000.0
320,507,0.0,305.24,0.48,1519.83
321,264,0.0,52.44,0.12,10500.0
322,264,0.0,172.14,0.0,185.0
323,245,4.0,52.44,0.16,3700.0
324,264,0.0,172.14,0.0,424.0
325,28,0.0,172.14,0.0,4000.0
151,264,0.0,52.44,0.0,444.0
326,180,0.0,52.44,0.44,750.0
327,262,0.0,52.44,0.0,359.0
328,350,0.0,66.33,0.0,150.0
329,12,0.0,172.14,0.08,5999.0
330,258,0.0,52.44,0.31,1290.0
121,207,3.0,172.14,0.0,4599.0
331,264,0.0,172.14,0.0,330.0
332,264,3.6,52.44,0.48,290.0
333,28,0.0,172.14,0.0,4000.0
334,264,0.0,52.44,0.19,5900.0
335,137,0.0,52.44,0.36,1700.0
336,264,5.0,52.44,0.12,1240.0
337,125,0.0,202.31,0.49,1009.02
338,245,3.0,52.44,0.28,10500.0
339,428,0.0,172.14,0.12,2500.0
340,330,0.0,113.12,0.68,506.0
341,141,0.0,172.14,0.34,1450.0
342,96,0.0,172.14,0.0,1200.0
343,12,0.0,172.14,0.1,3999.0
344,34,0.0,52.44,0.11,1799.0
345,264,0.0,172.14,0.44,3990.0
346,192,3.0,52.44,0.33,2400.0
125,264,5.0,172.14,0.34,3899.0
347,211,0.0,97.58,0.5,244.0
348,264,0.0,172.14,0.0,9400.0
11,264,0.0,52.44,0.7,3000.0
349,197,5.0,52.44,0.4,850.0
350,151,0.0,172.14,0.0,3783.0
351,245,0.0,52.44,0.57,1200.0
123,264,0.0,172.14,0.22,4999.0
2,137,0.0,172.14,0.55,1050.0
77,264,0.0,172.14,0.0,6000.0
50,264,0.0,172.14,0.55,1850.0
214,264,0.0,52.44,0.17,2238.0
121,12,0.0,172.14,0.28,5999.0
352,555,0.0,52.44,0.27,2200.0
353,395,0.0,215.44,0.5,1106.0
214,264,0.0,52.44,0.17,5370.0
354,548,0.0,52.44,0.17,450.0
5,137,0.0,52.44,0.5,1900.0
355,19,0.0,172.14,0.28,4999.0
356,78,0.0,52.44,0.01,1000.0
102,264,4.0,52.44,0.17,900.0
136,207,0.0,172.14,0.0,3500.0
119,409,0.0,172.14,0.13,4000.0
196,394,3.0,52.44,0.12,740.0
2,137,0.0,172.14,0.57,1050.0
357,402,0.0,52.44,0.0,650.0
5,137,0.0,52.44,0.53,1900.0
358,394,0.0,52.44,0.12,740.0
91,394,1.0,52.44,0.13,746.0
341,141,0.0,172.14,0.46,1750.0
359,25,0.0,172.14,0.33,3000.0
360,11,0.0,52.44,0.15,1650.0
361,264,0.0,172.14,0.0,3500.0
77,264,0.0,172.14,0.24,5500.0
362,409,5.0,172.14,0.13,4000.0
363,12,5.0,172.14,0.1,3999.0
364,264,0.0,172.14,0.25,4440.0
83,264,0.0,52.44,0.19,1240.0
10,264,4.3,172.14,0.5,1400.0
94,264,0.0,172.14,0.2,5500.0
38,264,0.0,172.14,0.17,3500.0
365,96,0.0,10.83,0.0,650.0
366,151,0.0,172.14,0.0,9569.0
65,264,0.0,52.44,0.0,860.0
367,264,0.0,172.14,0.0,3500.0
368,264,0.0,172.14,0.0,2500.0
231,264,0.0,52.44,0.17,666.0
246,96,0.0,52.44,0.0,240.0
207,149,0.0,172.14,0.0,3660.0
108,25,5.0,52.44,0.23,2200.0
369,490,0.0,52.44,0.25,14900.0
370,264,0.0,172.14,0.0,2980.0
371,264,0.0,52.44,0.1,55.0
372,264,0.0,52.44,0.33,3000.0
373,28,0.0,172.14,0.0,14000.0
374,151,0.0,172.14,0.0,11000.0
291,245,0.0,172.14,0.35,5500.0
375,264,2.0,52.44,0.0,3000.0
376,134,4.5,52.44,0.64,3300.0
377,264,0.0,172.14,0.0,350.0
378,264,0.0,52.44,0.0,1199.0
379,439,0.0,173.42,0.47,614.79
65,264,0.0,52.44,0.0,860.0
278,118,0.0,52.44,0.0,1250.0
380,137,0.0,52.44,0.33,2000.0
381,568,0.0,213.21,0.5,222.0
382,96,0.0,52.44,0.0,199.0
383,264,3.0,52.44,0.1,300.0
384,188,0.0,52.44,0.37,1150.0
385,28,4.0,172.14,0.0,3500.0
386,351,5.0,52.44,0.03,150.0
77,264,0.0,172.14,0.0,3500.0
387,96,0.0,52.44,0.0,140.0
388,490,0.0,52.44,0.15,2350.0
61,264,0.0,52.44,0.53,2000.0
375,264,0.0,52.44,0.0,3000.0
389,407,3.8,52.44,0.23,280.0
77,264,0.0,172.14,0.0,3500.0
390,409,0.0,172.14,0.13,4000.0
63,264,1.0,172.14,0.06,4699.0
391,25,0.0,52.44,0.27,1500.0
69,178,3.0,52.44,0.36,950.0
392,532,0.0,52.44,0.17,1050.0
213,409,5.0,172.14,0.17,3000.0
11,264,0.0,172.14,0.68,3000.0
393,392,0.0,52.44,0.13,286.0
296,25,4.0,52.44,0.17,3000.0
207,149,0.0,172.14,0.0,4500.0
40,264,5.0,52.44,0.3,1990.0
394,446,5.0,52.44,0.0,3260.0
319,207,4.3,172.14,0.0,3500.0
395,264,0.0,52.44,0.18,550.0
396,205,0.0,172.14,0.0,3250.0
397,264,0.0,52.44,0.14,1100.0
398,264,0.0,52.44,0.1,516.0
399,178,0.0,52.44,0.31,1999.0
329,12,0.0,172.14,0.17,5999.0
400,509,0.0,144.57,0.5,498.0
401,502,0.0,172.14,0.0,3500.0
402,264,3.0,52.44,0.1,85.0
403,337,0.0,116.38,0.33,259.2
404,538,0.0,52.44,0.17,546.0
77,264,0.0,172.14,0.0,3500.0
63,264,0.0,172.14,0.13,3800.0
162,264,0.0,52.44,0.0,499.0
405,344,3.5,52.44,0.0,4200.0
406,264,0.0,52.44,0.31,1950.0
119,12,0.0,172.14,0.23,5999.0
5,137,0.0,52.44,0.5,1900.0
407,542,0.0,52.44,0.0,255.0
408,264,0.0,52.44,0.0,365.0
409,245,5.0,52.44,0.55,3800.0
410,264,0.0,52.44,0.0,740.0
411,264,0.0,10.83,0.0,555.0
346,192,0.0,52.44,0.33,2400.0
281,264,0.0,52.44,0.25,1200.0
263,151,0.0,172.14,0.0,3872.0
412,205,0.0,172.14,0.0,35250.0
413,264,5.0,52.44,0.23,220.0
291,245,5.0,172.14,0.4,4500.0
414,193,0.0,52.44,0.42,880.0
220,264,0.0,172.14,0.48,2000.0
415,89,0.0,53.57,0.45,210.11
416,12,0.0,172.14,0.3,3999.0
417,147,0.0,172.14,0.0,2500.0
418,71,0.0,144.57,0.44,448.0
273,264,0.0,172.14,0.65,2000.0
419,245,0.0,52.44,0.29,2800.0
420,409,4.0,52.44,0.0,500.0
421,415,0.0,52.44,0.1,1000.0
234,151,0.0,172.14,0.0,4464.0
422,42,0.0,103.87,0.7,457.0
63,264,0.0,172.14,0.3,4599.0
423,502,0.0,52.44,0.0,1950.0
329,409,5.0,172.14,0.14,7000.0
424,264,0.0,52.44,0.44,750.0
425,227,5.0,172.14,0.19,1500.0
426,575,3.0,263.44,0.29,997.0
427,384,0.0,88.91,0.5,197.12
428,96,0.0,52.44,0.0,150.0
429,12,0.0,172.14,0.28,4999.0
234,151,0.0,172.14,0.0,3349.0
430,435,4.4,172.14,0.13,4000.0
46,409,5.0,172.14,0.18,4000.0
431,517,0.0,172.14,0.2,2750.0
432,176,0.0,52.44,0.17,1812.0
433,409,0.0,172.14,0.07,7000.0
434,96,0.0,52.44,0.0,150.0
190,264,1.0,52.44,0.43,444.0
435,264,0.0,172.14,0.0,1500.0
393,392,0.0,52.44,0.13,286.0
285,264,0.0,172.14,0.0,3000.0
436,373,0.0,215.06,0.47,826.51
437,394,4.0,52.44,0.13,1092.0
306,264,0.0,52.44,0.06,500.0
438,409,4.1,172.14,0.07,7500.0
439,205,0.0,172.14,0.0,37700.0
440,492,0.0,52.44,0.0,2350.0
441,549,0.0,172.14,0.25,666.0
442,264,0.0,52.44,0.64,520.0
231,264,0.0,52.44,0.0,488.0
443,34,0.0,52.44,0.0,1250.0
419,245,0.0,52.44,0.27,3000.0
444,430,3.5,172.14,0.12,2500.0
445,412,3.9,172.14,0.1,3000.0
446,228,0.0,52.44,0.54,777.0
447,264,4.7,52.44,0.32,1000.0
448,169,0.0,52.44,0.17,2100.0
449,87,0.0,127.11,0.47,379.49
428,96,0.0,52.44,0.0,150.0
450,264,0.0,52.44,0.44,750.0
451,391,0.0,83.35,0.5,392.0
452,409,3.3,52.44,0.2,500.0
218,264,4.0,52.44,0.44,4500.0
453,152,0.0,247.89,0.49,1030.19
454,533,0.0,52.44,0.17,1050.0
455,264,0.0,52.44,0.12,10500.0
456,264,0.0,52.44,0.21,1200.0
118,264,5.0,52.44,0.02,450.0
263,151,0.0,172.14,0.0,3872.0
457,130,0.0,172.14,0.13,5730.0
11,264,0.0,172.14,0.68,3000.0
92,203,0.0,52.44,0.33,499.0
458,264,0.0,172.14,0.2,8800.0
190,264,4.8,52.44,0.08,500.0
208,264,0.0,52.44,0.44,750.0
459,436,4.5,172.14,0.17,3000.0
460,47,0.0,306.46,0.3,1141.0
461,264,0.0,52.44,0.38,140.0
462,264,0.0,172.14,0.4,2150.0
463,264,0.0,52.44,0.25,220.0
464,264,0.0,52.44,0.0,999.0
465,264,0.0,52.44,0.06,800.0
466,204,0.0,52.44,0.1,769.5
467,419,0.0,172.14,0.15,6500.0
468,196,0.0,52.44,0.4,850.0
469,264,0.0,172.14,0.25,4999.0
367,264,0.0,172.14,0.0,3500.0
470,264,3.4,52.44,0.26,1900.0
77,264,0.0,172.14,0.0,3500.0
471,409,3.4,172.14,0.05,3200.0
472,264,0.0,52.44,0.1,536.0
162,264,0.0,52.44,0.0,499.0
473,212,0.0,679.6,0.46,3152.96
299,25,0.0,52.44,0.09,6000.0
150,264,0.0,172.14,0.3,4000.0
21,264,0.0,172.14,0.0,5000.0
474,504,0.0,172.14,0.0,5100.0
121,24,0.0,172.14,0.23,41000.0
475,245,0.0,52.44,0.26,3500.0
476,410,3.3,172.14,0.17,3000.0
477,264,0.0,172.14,0.0,6400.0
478,151,0.0,172.14,0.0,3574.0
96,264,2.5,172.14,0.1,5900.0
214,264,0.0,52.44,0.21,1200.0
350,151,0.0,172.14,0.0,3783.0
479,57,0.0,52.44,0.0,3500.0
480,28,0.0,172.14,0.0,3500.0
481,536,0.0,52.44,0.17,546.0
214,264,0.0,52.44,0.17,5334.0
70,256,0.0,52.44,0.1,555.0
121,12,1.0,172.14,0.17,5999.0
482,134,0.0,172.14,0.6,2500.0
483,263,0.0,172.14,0.0,1500.0
425,227,0.0,172.14,0.33,1999.0
484,264,0.0,52.44,0.0,1388.0
485,24,0.0,172.14,0.25,49000.0
486,311,0.0,105.72,0.68,446.0
487,264,4.6,52.44,0.22,500.0
17,134,0.0,172.14,0.44,1800.0
488,31,0.0,52.44,0.49,2800.0
489,490,0.0,172.14,0.25,21000.0
125,264,4.5,172.14,0.0,4500.0
490,205,0.0,172.14,0.0,14500.0
491,156,0.0,43.39,0.5,176.0
211,118,1.0,52.44,0.0,250.0
217,245,0.0,172.14,0.4,4500.0
492,409,4.1,172.14,0.13,4000.0
493,66,0.0,52.44,0.21,1900.0
494,264,0.0,52.44,0.22,3599.0
5,137,0.0,52.44,0.58,2000.0
196,392,0.0,52.44,0.0,649.0
119,12,0.0,172.14,0.28,4999.0
495,264,0.0,22.23,0.17,2322.0
496,243,0.0,109.06,0.47,287.56
497,284,0.0,52.44,0.45,1699.0
266,264,1.0,172.14,0.07,5500.0
11,264,0.0,52.44,0.55,3000.0
498,264,0.0,52.44,0.17,1794.0
499,264,3.0,52.44,0.03,1500.0
500,409,0.0,172.14,0.18,4000.0
501,502,0.0,172.14,0.0,7400.0
502,62,0.0,172.14,0.48,2000.0
503,264,0.0,172.14,0.0,333.0
504,40,0.0,63.25,0.49,57.08
505,264,3.5,10.83,0.19,990.0
506,271,5.0,172.14,0.0,1000.0
507,409,4.0,172.14,0.04,3500.0
508,264,5.0,52.44,0.29,700.0
343,264,0.0,172.14,0.0,4200.0
509,264,5.0,172.14,0.0,2800.0
510,338,0.0,116.38,0.33,259.2
338,245,5.0,52.44,0.28,10500.0
511,490,5.0,172.14,0.25,14900.0
512,33,0.0,142.92,0.29,500.0
69,178,0.0,52.44,0.36,950.0
513,409,0.0,172.14,0.18,11000.0
214,264,0.0,52.44,0.17,5334.0
429,12,0.0,172.14,0.17,3999.0
22,264,0.0,172.14,0.13,4500.0
232,264,0.0,172.14,0.13,4500.0
514,264,0.0,22.23,0.17,318.0
515,167,0.0,172.14,0.17,1554.0
2,137,0.0,172.14,0.6,1050.0
516,12,0.0,172.14,0.23,5999.0
387,96,0.0,52.44,0.0,140.0
291,245,0.0,172.14,0.31,4500.0
517,25,5.0,52.44,0.09,4500.0
119,409,3.3,172.14,0.18,4000.0
400,509,0.0,144.94,0.5,500.0
291,245,0.0,172.14,0.4,4500.0
518,208,0.0,172.14,0.0,3500.0
207,149,0.0,172.14,0.0,3900.0
124,34,0.0,52.44,0.0,1199.0
318,264,0.0,52.44,0.0,11400.0
222,141,0.0,172.14,0.54,2050.0
519,264,0.0,172.14,0.0,12000.0
478,151,0.0,172.14,0.0,3574.0
125,264,0.0,172.14,0.26,4199.0
520,245,0.0,172.14,0.55,4400.0
322,264,0.0,172.14,0.0,235.0
507,409,4.0,172.14,0.04,3500.0
266,264,0.0,172.14,0.05,5500.0
125,264,3.0,172.14,0.32,4400.0
521,394,5.0,52.44,0.12,740.0
110,34,0.0,52.44,0.0,850.0
522,264,0.0,172.14,0.0,7400.0
523,133,0.0,196.76,0.48,959.71
524,264,0.0,172.14,0.0,950.0
525,65,0.0,1281.03,0.2,3746.0
526,205,0.0,172.14,0.0,17500.0
5,137,0.0,52.44,0.55,2000.0
527,12,0.0,172.14,0.1,6999.0
528,34,0.0,52.44,0.0,3280.0
2,137,0.0,172.14,0.57,1100.0
529,568,0.0,216.54,0.44,216.0
515,167,0.0,172.14,0.17,1554.0
530,392,0.0,52.44,0.0,499.0
531,264,0.0,172.14,0.17,1734.0
517,25,5.0,52.44,0.09,4500.0
532,245,3.7,172.14,0.38,5000.0
533,12,0.0,172.14,0.23,5999.0
534,201,0.0,52.44,0.35,2700.0
291,245,0.0,172.14,0.4,4500.0
535,491,0.0,52.44,0.25,9200.0
536,38,0.0,203.4,0.44,734.0
537,15,0.0,172.14,0.2,5999.0
538,446,4.2,52.44,0.0,1230.0
539,178,0.0,52.44,0.34,1980.0
92,203,0.0,52.44,0.39,599.0
329,12,0.0,172.14,0.17,5999.0
175,245,0.0,52.44,0.3,10900.0
540,264,0.0,172.14,0.08,970.0
541,273,0.0,172.14,0.52,2100.0
214,264,0.0,52.44,0.17,2730.0
300,264,0.0,172.14,0.1,5000.0
542,151,0.0,172.14,0.0,8388.0
543,259,0.0,52.44,0.29,690.0
544,556,0.0,40.48,0.48,153.03
544,556,0.0,40.48,0.48,153.03
21,264,0.0,172.14,0.0,5000.0
63,264,0.0,172.14,0.15,5299.0
545,264,0.0,10.83,0.0,245.0
546,73,0.0,15.45,0.5,24.96
77,264,0.0,172.14,0.0,3500.0
547,245,0.0,172.14,0.55,5600.0
548,342,0.0,57.62,0.75,56.0
549,260,0.0,52.44,0.25,790.0
300,264,1.0,172.14,0.1,5000.0
342,96,0.0,172.14,0.0,495.0
70,256,0.0,52.44,0.5,999.0
550,94,0.0,61.69,0.9,249.0
551,264,0.0,52.44,0.2,199.0
552,264,0.0,52.44,0.1,555.0
553,137,0.0,52.44,0.3,3000.0
554,247,4.0,52.44,0.56,1600.0
555,205,0.0,52.44,0.0,7000.0
556,280,0.0,52.44,0.48,2200.0
557,34,0.0,52.44,0.0,799.0
558,502,0.0,52.44,0.0,5500.0
559,264,0.0,52.44,0.0,600.0
560,490,0.0,172.14,0.25,5900.0
561,198,0.0,52.44,0.4,850.0
562,516,0.0,548.24,0.5,2695.0
12,137,0.0,172.14,0.29,1200.0
563,264,0.0,172.14,0.19,7000.0
520,245,0.0,172.14,0.5,4000.0
194,446,0.0,52.44,0.08,600.0
564,496,0.0,52.44,0.14,2200.0
565,25,0.0,52.44,0.17,9500.0
438,12,0.0,172.14,0.1,6999.0
566,21,0.0,172.14,0.58,42000.0
77,264,0.0,172.14,0.0,6000.0
567,264,0.0,22.23,0.17,2634.0
568,168,0.0,52.44,0.17,2100.0
121,409,4.0,172.14,0.21,7000.0
256,137,0.0,52.44,0.39,1700.0
569,149,0.0,172.14,0.0,2750.0
291,245,5.0,172.14,0.4,4500.0
291,245,0.0,172.14,0.4,4500.0
247,285,0.0,52.44,0.57,2200.0
570,200,5.0,52.44,0.35,2700.0
571,36,0.0,52.44,0.0,5850.0
572,313,0.0,106.46,0.68,452.0
232,264,0.0,172.14,0.13,4500.0
549,260,0.0,52.44,0.29,690.0
573,264,4.0,10.83,0.3,1200.0
574,264,0.0,52.44,0.1,506.0
575,184,0.0,52.44,0.37,1150.0
296,25,5.0,52.44,0.22,3000.0
576,28,0.0,172.14,0.0,4000.0
577,264,0.0,172.14,0.0,350.0
578,305,0.0,55.7,0.34,13.4
190,264,0.0,52.44,0.35,222.0
579,96,0.0,172.14,0.0,540.0
580,264,1.0,52.44,0.05,4200.0
581,96,0.0,52.44,0.0,303.0
300,264,0.0,172.14,0.1,5000.0
582,264,0.0,52.44,0.3,150.0
578,305,0.0,56.14,0.33,15.0
124,34,0.0,52.44,0.0,1199.0
43,279,0.0,52.44,0.52,1950.0
583,264,3.0,52.44,0.08,1200.0
584,409,0.0,172.14,0.13,4000.0
77,28,0.0,172.14,0.0,5500.0
402,264,0.0,172.14,0.1,55.0
585,511,0.0,90.12,0.49,198.32
586,581,0.0,22.23,0.17,834.0
2,137,0.0,172.14,0.0,1100.0
300,264,2.0,172.14,0.1,5000.0
300,264,0.0,172.14,0.1,5000.0
125,264,0.0,172.14,0.26,4199.0
402,264,0.0,172.14,0.1,55.0
587,231,0.0,78.61,0.5,141.44
588,59,0.0,58.79,0.48,32.7
589,264,0.0,172.14,0.17,2580.0
590,123,0.0,52.44,0.06,350.0
291,264,0.0,172.14,0.0,1350.0
124,34,0.0,52.44,0.0,1200.0
591,264,0.0,52.44,0.13,1900.0
89,151,0.0,172.14,0.0,4889.0
592,420,0.0,172.14,0.03,5500.0
593,264,0.0,172.14,0.0,4800.0
222,141,0.0,172.14,0.27,1100.0
343,207,0.0,172.14,0.0,4500.0
594,264,0.0,52.44,0.0,7750.0
34,158,0.0,172.14,0.53,2000.0
218,264,3.0,52.44,0.33,2999.0
595,264,0.0,10.83,0.5,999.0
213,409,3.5,172.14,0.17,3000.0
596,264,0.0,52.44,0.7,300.0
597,464,0.0,52.44,0.0,600.0
598,223,0.0,70.4,0.44,290.0
599,264,0.0,52.44,0.0,2500.0
520,245,0.0,172.14,0.5,4000.0
378,264,0.0,52.44,0.0,2400.0
600,502,0.0,52.44,0.0,2800.0
478,151,0.0,172.14,0.0,4764.0
300,264,0.0,172.14,0.1,5000.0
5,137,0.0,52.44,0.36,3500.0
601,499,0.0,330.51,0.0,864.0
255,264,0.0,52.44,0.0,499.0
602,443,0.0,18.97,0.29,31.0
603,427,5.0,172.14,0.11,2800.0
604,482,0.0,658.32,0.17,1577.0
125,264,0.0,172.14,0.31,3299.0
121,409,3.0,172.14,0.08,6000.0
605,111,0.0,235.79,0.0,608.0
606,287,0.0,52.44,0.65,1000.0
607,394,5.0,52.44,0.13,573.0
296,25,4.5,52.44,0.22,3000.0
608,264,0.0,10.83,0.3,999.0
609,264,0.0,52.44,0.0,220.0
610,429,4.5,172.14,0.08,2500.0
232,264,0.0,172.14,0.03,4000.0
611,97,0.0,276.93,0.5,1213.44
435,264,0.0,172.14,0.33,1500.0
170,264,0.0,172.14,0.55,1850.0
612,306,0.0,119.41,0.68,557.0
613,392,0.0,52.44,0.0,699.0
346,192,0.0,52.44,0.33,2400.0
614,202,0.0,52.44,0.35,2700.0
615,108,0.0,271.31,0.0,704.0
616,484,0.0,418.0,0.5,1976.0
617,264,0.0,52.44,0.17,540.0
618,264,0.0,172.14,0.0,3189.0
619,264,0.0,52.44,0.0,2750.0
476,410,0.0,172.14,0.17,3000.0
620,209,0.0,172.14,0.0,4500.0
621,264,2.0,172.14,0.0,2000.0
622,301,0.0,227.08,0.5,944.0
291,245,3.6,172.14,0.4,4500.0
393,392,0.0,52.44,0.0,699.0
573,264,0.0,10.83,0.25,999.0
623,500,0.0,172.14,0.53,1550.0
624,166,0.0,172.14,0.17,1740.0
625,392,0.0,52.44,0.0,900.0
626,238,0.0,52.44,0.06,5200.0
149,490,0.0,172.14,0.25,3350.0
627,128,0.0,240.59,0.33,278.0
77,264,0.0,172.14,0.0,6000.0
628,526,4.0,52.44,0.14,2500.0
119,12,0.0,172.14,0.2,4499.0
629,264,0.0,172.14,0.1,5000.0
630,505,0.0,172.14,0.0,4500.0
336,264,0.0,52.44,0.37,1900.0
631,264,5.0,52.44,0.6,850.0
632,264,0.0,52.44,0.0,365.0
112,137,0.0,52.44,0.43,1500.0
633,409,0.0,172.14,0.13,4000.0
634,146,0.0,52.44,0.27,3000.0
635,264,0.0,52.44,0.0,820.0
636,264,0.0,172.14,0.0,7900.0
637,372,0.0,448.17,0.5,2364.0
571,36,0.0,52.44,0.0,5850.0
176,158,0.0,172.14,0.59,2550.0
125,264,0.0,172.14,0.16,4699.0
638,137,0.0,52.44,0.27,3000.0
77,264,0.0,172.14,0.0,3500.0
639,264,0.0,172.14,0.0,6900.0
640,264,0.0,52.44,0.0,1700.0
77,264,0.0,172.14,0.0,6000.0
641,264,0.0,172.14,0.28,5000.0
642,225,0.0,49.68,0.29,147.0
643,264,0.0,52.44,0.0,13500.0
644,109,0.0,223.95,0.0,576.0
155,264,0.0,10.83,0.36,2200.0
387,96,0.0,52.44,0.0,140.0
645,264,0.0,52.44,0.0,3925.0
646,68,0.0,586.72,0.5,2888.0
647,490,0.0,172.14,0.25,18400.0
7,264,0.0,172.14,0.0,900.0
438,409,0.0,172.14,0.17,9000.0
648,333,0.0,55.4,0.79,38.0
649,199,2.0,52.44,0.4,850.0
650,264,0.0,52.44,0.17,900.0
651,459,0.0,1281.03,0.2,3746.0
652,41,0.0,161.59,0.5,590.0
653,264,0.0,52.44,0.5,600.0
654,317,0.0,80.56,0.69,242.0
655,93,0.0,658.11,0.48,3126.76
656,489,0.0,10.83,0.0,1300.0
657,264,0.0,52.44,0.0,5999.0
658,545,0.0,442.14,0.49,2053.68
5,137,0.0,52.44,0.5,2500.0
659,2,0.0,172.14,0.0,1250.0
61,264,0.0,52.44,0.54,2000.0
367,264,0.0,172.14,0.0,3500.0
660,324,0.0,72.42,0.69,176.0
111,118,3.0,52.44,0.0,670.0
661,394,0.0,52.44,0.13,977.0
662,86,0.0,136.5,0.5,454.4
663,264,0.0,22.23,0.17,5334.0
77,264,0.0,172.14,0.0,3500.0
291,245,0.0,172.14,0.4,4500.0
300,264,0.0,172.14,0.1,5000.0
121,409,4.0,172.14,0.08,6000.0
664,463,4.0,52.44,0.0,650.0
665,264,0.0,52.44,0.0,499.0
666,518,0.0,768.58,0.2,2015.0
667,264,0.0,172.14,0.0,4199.0
668,21,0.0,172.14,0.17,9999.0
669,264,0.0,52.44,0.1,50.0
670,171,0.0,172.14,0.17,876.0
363,409,0.0,172.14,0.17,6000.0
671,561,0.0,213.95,0.5,226.0
672,137,0.0,172.14,0.0,6850.0
673,497,0.0,389.71,0.0,1024.0
674,26,0.0,52.44,0.1,2000.0
675,22,0.0,172.14,0.25,49000.0
676,264,0.0,52.44,0.0,307.0
123,264,0.0,172.14,0.13,4500.0
650,264,0.0,52.44,0.17,1050.0
677,245,0.0,52.44,0.27,6000.0
678,264,0.0,52.44,0.4,239.0
679,25,0.0,172.14,0.09,3500.0
680,444,0.0,166.46,0.5,616.32
681,553,0.0,172.14,0.43,5000.0
296,25,0.0,52.44,0.22,3000.0
63,264,0.0,172.14,0.13,4799.0
8,264,0.0,172.14,0.41,1600.0
11,264,0.0,172.14,0.68,3000.0
682,21,0.0,172.14,0.16,14199.0
590,123,0.0,52.44,0.0,555.0
683,382,0.0,414.67,0.44,1762.0
119,207,0.0,172.14,0.0,4500.0
684,469,0.0,52.44,0.0,350.0
685,470,0.0,52.44,0.0,350.0
156,264,5.0,52.44,0.29,650.0
686,264,0.0,52.44,0.4,269.0
687,137,0.0,52.44,0.0,5500.0
503,553,0.0,172.14,0.54,3500.0
688,264,0.0,172.14,0.0,1500.0
214,264,0.0,52.44,0.17,4482.0
689,130,0.0,172.14,0.13,5125.0
690,264,0.0,52.44,0.27,2200.0
691,264,0.0,172.14,0.0,3899.0
692,409,0.0,172.14,0.05,6000.0
393,392,0.0,52.44,0.13,286.0
119,409,4.3,172.14,0.13,4000.0
553,137,0.0,52.44,0.3,3000.0
693,11,0.0,52.44,0.15,920.0
694,117,0.0,52.44,0.55,5000.0
695,264,0.0,52.44,0.0,220.0
38,264,0.0,172.14,0.17,3500.0
696,264,0.0,52.44,0.0,3300.0
124,34,0.0,52.44,0.0,1250.0
89,151,0.0,172.14,0.0,4889.0
697,264,0.0,601.89,0.5,2970.0
129,12,0.0,172.14,0.1,6999.0
698,63,0.0,172.14,0.41,1450.0
699,510,0.0,172.14,0.74,285.0
700,170,0.0,172.14,0.17,528.0
701,84,0.0,88.38,0.46,389.76
702,34,0.0,52.44,0.0,1250.0
703,43,0.0,172.14,0.1,20010.0
428,96,0.0,52.44,0.0,150.0
475,245,0.0,52.44,0.26,3500.0
121,409,0.0,172.14,0.07,7000.0
125,264,0.0,172.14,0.28,4999.0
704,245,0.0,172.14,0.56,2500.0
705,490,0.0,172.14,0.25,3750.0
706,137,0.0,52.44,0.0,1700.0
121,409,0.0,172.14,0.07,7000.0
707,69,0.0,174.87,0.5,661.76
616,484,0.0,458.7,0.5,2196.0
708,360,0.0,316.47,0.44,1284.48
709,50,0.0,99.06,0.64,346.0
710,264,0.0,172.14,0.13,3000.0
281,264,0.0,52.44,0.25,1200.0
711,219,0.0,149.12,0.48,499.02
712,45,0.0,233.93,0.33,251.0
503,553,0.0,172.14,0.25,2775.0
713,96,0.0,10.83,0.0,420.0
714,264,0.0,22.23,0.17,1434.0
121,12,1.0,172.14,0.17,5999.0
715,137,0.0,52.44,0.14,7000.0
291,264,0.0,172.14,0.0,1350.0
119,409,0.0,172.14,0.13,4000.0
96,264,0.0,172.14,0.1,5900.0
246,96,0.0,52.44,0.0,240.0
716,20,0.0,172.14,0.17,3999.0
248,207,5.0,172.14,0.0,3500.0
222,141,0.0,172.14,0.29,1300.0
300,264,0.0,172.14,0.1,5000.0
717,264,0.0,172.14,0.3,4000.0
718,25,0.0,172.14,0.18,2200.0
144,264,0.0,52.44,0.25,379.5
719,110,0.0,235.79,0.0,608.0
720,21,0.0,172.14,0.13,14499.0
721,264,0.0,172.14,0.18,3000.0
722,34,0.0,52.44,0.0,1800.0
723,298,0.0,349.92,0.49,1576.0
438,12,0.0,172.14,0.1,6999.0
571,36,0.0,52.44,0.0,5850.0
724,264,0.0,52.44,0.0,375.0
725,205,0.0,172.14,0.0,15000.0
726,386,0.0,42.32,0.46,158.4
727,411,3.0,172.14,0.17,3000.0
728,308,0.0,82.41,0.68,257.0
34,158,0.0,172.14,0.56,2000.0
729,178,5.0,52.44,0.31,1999.0
730,264,0.0,172.14,0.0,5600.0
731,17,0.0,172.14,0.17,5999.0
732,21,0.0,172.14,0.26,11099.0
733,462,5.0,52.44,0.0,1100.0
734,136,0.0,52.44,0.12,10500.0
735,264,0.0,172.14,0.0,14000.0
736,418,0.0,172.14,0.08,6000.0
521,392,0.0,52.44,0.0,649.0
737,408,0.0,486.08,0.2,1465.0
738,409,2.0,172.14,0.08,6000.0
739,336,0.0,101.28,0.68,410.0
217,245,0.0,172.14,0.3,7000.0
569,149,0.0,172.14,0.0,5500.0
740,264,0.0,172.14,0.0,3988.0
65,264,0.0,52.44,0.0,860.0
741,502,0.0,172.14,0.0,32500.0
742,245,4.0,172.14,0.55,6900.0
743,9,4.0,177.87,0.32,499.0
111,118,3.7,52.44,0.0,820.0
123,264,0.0,172.14,0.13,4500.0
744,96,0.0,10.83,0.0,650.0
745,264,0.0,10.83,0.0,999.0
746,264,3.7,52.44,0.03,2900.0
747,34,0.0,52.44,0.0,2000.0
748,558,0.0,172.14,0.0,4640.0
749,134,0.0,52.44,0.0,1999.0
750,181,0.0,52.44,0.49,750.0
508,264,0.0,52.44,0.08,480.0
751,264,0.0,172.14,0.0,19800.0
752,264,0.0,52.44,0.17,2358.0
753,582,0.0,128.22,0.5,409.6
200,264,0.0,22.23,0.17,342.0
754,3,0.0,172.14,0.0,1850.0
119,409,4.0,172.14,0.08,6000.0
755,91,0.0,89.64,0.5,426.0
756,446,4.5,52.44,0.0,2970.0
757,503,0.0,172.14,0.0,5500.0
758,21,0.0,172.14,0.28,14299.0
359,25,0.0,172.14,0.3,5000.0
759,264,0.0,52.44,0.16,450.0
191,460,0.0,52.44,0.0,620.0
760,176,0.0,52.44,0.17,2598.0
761,417,1.0,172.14,0.06,2700.0
710,264,0.0,172.14,0.01,3000.0
762,535,0.0,52.44,0.17,900.0
763,96,0.0,172.14,0.0,490.0
623,500,0.0,172.14,0.37,1150.0
764,44,0.0,232.73,0.48,312.76
697,264,0.0,655.17,0.5,3258.0
147,392,0.0,52.44,0.0,1400.0
765,394,0.0,52.44,0.13,1092.0
359,25,0.0,172.14,0.2,2500.0
766,12,0.0,172.14,0.17,3999.0
285,264,0.0,172.14,0.0,3000.0
767,135,0.0,52.44,0.53,1500.0
768,248,4.0,52.44,0.1,10500.0
494,264,0.0,52.44,0.25,3400.0
769,328,0.0,61.32,0.72,86.0
77,28,0.0,172.14,0.0,5635.0
770,289,3.5,172.14,0.33,1200.0
323,245,0.0,52.44,0.36,4500.0
771,21,0.0,172.14,0.25,17000.0
772,329,0.0,115.71,0.68,527.0
773,264,0.0,52.44,0.24,2490.0
774,56,0.0,16.75,0.76,66.0
775,18,0.0,172.14,0.17,3999.0
172,137,0.0,52.44,0.31,200.0
776,349,0.0,281.54,0.49,1426.83
640,264,0.0,52.44,0.0,1900.0
777,96,0.0,10.83,0.0,420.0
382,96,0.0,52.44,0.0,199.0
346,192,0.0,52.44,0.33,2400.0
778,67,0.0,20.45,0.5,52.0
779,264,0.0,52.44,0.1,45.0
780,11,0.0,52.44,0.15,2540.0
781,359,0.0,213.87,0.45,794.08
429,409,2.0,172.14,0.13,4000.0
782,392,0.0,52.44,0.13,1437.0
593,264,0.0,172.14,0.0,5900.0
783,264,0.0,52.44,0.17,540.0
784,34,0.0,52.44,0.0,2600.0
393,392,0.0,52.44,0.13,803.0
63,264,0.0,172.14,0.17,5300.0
360,11,0.0,52.44,0.15,1650.0
429,409,5.0,172.14,0.13,4000.0
63,264,0.0,172.14,0.14,5000.0
785,264,0.0,52.44,0.1,465.0
305,409,0.0,172.14,0.13,4000.0
786,498,0.0,650.19,0.0,1728.0
300,264,0.0,172.14,0.1,5000.0
787,409,4.0,172.14,0.13,4000.0
788,320,0.0,87.96,0.68,302.0
110,34,0.0,52.44,0.0,850.0
789,347,0.0,297.38,0.5,1324.0
121,409,5.0,172.14,0.08,6000.0
362,12,0.0,172.14,0.27,4500.0
790,52,0.0,773.76,0.17,1951.0
791,481,0.0,172.14,0.15,7500.0
792,264,0.0,52.44,0.0,150.0
793,357,0.0,236.52,0.5,348.0
794,388,0.0,150.32,0.44,679.0
402,264,0.0,52.44,0.1,45.0
291,245,0.0,172.14,0.4,4500.0
795,130,1.0,172.14,0.13,6115.0
443,34,0.0,52.44,0.0,1250.0
72,264,0.0,172.14,0.15,3899.0
796,363,5.0,52.44,0.0,64.0
198,264,0.0,52.44,0.47,7500.0
797,25,0.0,172.14,0.13,6000.0
798,264,0.0,52.44,0.0,13500.0
799,96,0.0,172.14,0.0,495.0
800,207,4.0,172.14,0.0,4000.0
801,100,0.0,52.44,0.0,9500.0
802,210,0.0,172.14,0.0,4500.0
803,524,0.0,640.56,0.2,1582.0
804,531,0.0,52.44,0.17,1050.0
805,264,0.0,52.44,0.0,9465.0
218,264,0.0,52.44,0.0,2999.0
806,245,5.0,52.44,0.3,7000.0
807,330,0.0,115.71,0.68,527.0
808,83,0.0,82.61,0.5,388.0
809,205,0.0,172.14,0.0,11000.0
810,307,0.0,105.35,0.68,443.0
811,264,0.0,52.44,0.1,2700.0
119,12,0.0,172.14,0.23,5999.0
812,25,3.7,52.44,0.08,4000.0
813,179,0.0,52.44,0.44,750.0
814,367,0.0,468.16,0.48,2360.54
815,102,0.0,172.14,0.0,2000.0
816,264,0.0,52.44,0.59,160.0
46,207,0.0,172.14,0.0,3000.0
817,43,0.0,172.14,0.1,19895.0
492,409,0.0,172.14,0.13,4000.0
818,186,0.0,52.44,0.37,1150.0
268,178,5.0,52.44,0.0,270.0
776,349,0.0,238.11,0.35,952.2
819,132,0.0,87.15,0.48,179.29
820,465,0.0,52.44,0.0,500.0
413,264,0.0,52.44,0.12,220.0
821,191,0.0,52.44,0.35,1850.0
822,25,5.0,172.14,0.15,4000.0
300,264,0.0,172.14,0.1,5000.0
263,151,0.0,172.14,0.0,4842.0
246,96,0.0,52.44,0.0,230.0
823,264,0.0,172.14,0.11,1800.0
824,331,0.0,95.36,0.68,362.0
302,400,0.0,52.44,0.28,555.0
825,292,0.0,52.44,0.47,1900.0
112,137,0.0,52.44,0.4,1500.0
826,27,5.0,172.14,0.12,4500.0
827,383,0.0,39.32,0.47,145.0
207,149,0.0,172.14,0.0,4780.0
828,207,0.0,172.14,0.0,3000.0
713,96,0.0,10.83,0.0,420.0
77,264,0.0,172.14,0.0,4000.0
829,544,0.0,373.52,0.49,1692.15
830,334,0.0,74.64,0.69,194.0
831,235,0.0,339.39,0.5,1776.0
832,264,0.0,52.44,0.38,800.0
443,34,0.0,52.44,0.0,1250.0
833,392,0.0,52.44,0.0,699.0
438,12,0.0,172.14,0.1,6999.0
110,34,0.0,52.44,0.0,850.0
834,409,5.0,172.14,0.17,6000.0
172,137,0.0,52.44,0.23,200.0
835,264,0.0,336.48,0.49,1504.0
836,178,0.0,52.44,0.3,1950.0
837,264,0.0,52.44,0.1,374.0
838,185,0.0,52.44,0.37,1150.0
627,128,0.0,242.07,0.23,246.0
693,11,0.0,52.44,0.15,920.0
839,21,0.0,52.44,0.36,24849.0
374,151,0.0,172.14,0.0,12200.0
150,264,0.0,172.14,0.28,4000.0
840,264,0.0,172.14,0.0,3500.0
841,12,0.0,172.14,0.13,5999.0
374,151,0.0,172.14,0.0,12200.0
150,264,0.0,172.14,0.28,4000.0
840,264,0.0,172.14,0.0,3500.0
841,12,0.0,172.14,0.13,5999.0
842,399,0.0,136.15,0.5,452.48
329,409,3.0,172.14,0.08,6000.0
843,264,0.0,52.44,0.17,588.0
844,445,0.0,172.14,0.0,275.0
845,137,0.0,52.44,0.14,7000.0
846,335,0.0,101.65,0.68,413.0
847,297,0.0,333.85,0.48,1452.56
848,264,0.0,22.23,0.17,540.0
849,540,0.0,985.34,0.49,4916.46
125,264,0.0,172.14,0.26,3488.0
850,425,0.0,172.14,0.17,3000.0
69,178,0.0,52.44,0.36,950.0
851,530,0.0,396.17,0.44,1672.0
291,245,0.0,172.14,0.4,4500.0
852,264,0.0,52.44,0.0,3950.0
374,151,0.0,172.14,0.0,11000.0
853,321,0.0,113.12,0.68,506.0
33,264,0.0,52.44,0.0,888.0
854,96,0.0,172.14,0.0,490.0
650,264,0.0,52.44,0.17,540.0
855,502,0.0,172.14,0.0,6000.0
856,294,0.0,139.35,0.5,469.76
857,264,0.0,172.14,0.0,3300.0
581,96,0.0,52.44,0.0,303.0
110,34,0.0,52.44,0.0,850.0
858,370,0.0,59.09,0.47,33.77
859,421,0.0,172.14,0.03,5500.0
860,264,0.0,52.44,0.11,14000.0
49,140,0.0,52.44,0.53,750.0
861,264,0.0,172.14,0.0,5200.0
862,519,0.0,423.31,0.29,1518.0
863,21,0.0,172.14,0.24,12299.0
300,264,0.0,172.14,0.1,5000.0
337,230,0.0,156.87,0.5,564.48
864,49,0.0,172.14,0.0,1200.0
865,523,0.0,760.44,0.2,1988.0
866,175,0.0,172.14,0.17,1812.0
351,245,0.0,52.44,0.57,400.0
867,309,0.0,95.73,0.68,365.0
268,178,0.0,52.44,0.0,270.0
868,205,0.0,172.14,0.0,17000.0
190,264,3.4,52.44,0.2,250.0
281,264,0.0,52.44,0.25,1200.0
218,264,0.0,52.44,0.3,3999.0
296,25,0.0,52.44,0.11,4500.0
869,245,0.0,52.44,0.56,3300.0
569,149,0.0,172.14,0.0,4400.0
870,361,0.0,129.77,0.3,299.0
871,471,0.0,52.44,0.0,350.0
872,224,0.0,27.11,0.37,70.0
873,205,0.0,172.14,0.0,3500.0
865,523,0.0,760.44,0.2,1988.0
874,5,5.0,229.67,0.3,684.0
492,12,0.0,172.14,0.17,3999.0
125,264,0.0,172.14,0.25,4599.0
875,264,0.0,172.14,0.0,16500.0
876,264,0.0,172.14,0.29,366.0
877,375,0.0,228.35,0.49,927.28
878,389,0.0,303.21,0.5,1355.52
879,34,0.0,52.44,0.09,3250.0
880,115,0.0,120.76,0.5,369.28
65,264,0.0,52.44,0.0,860.0
225,245,3.0,52.44,0.33,6000.0
881,291,0.0,172.14,0.0,1500.0
882,34,0.0,52.44,0.0,1250.0
883,12,0.0,172.14,0.17,3999.0
884,205,0.0,172.14,0.0,8000.0
885,257,0.0,161.06,0.48,775.86
571,36,0.0,52.44,0.0,4850.0
886,253,0.0,229.67,0.3,684.0
887,21,0.0,172.14,0.03,11200.0
888,25,3.0,52.44,0.12,6000.0
273,264,0.0,172.14,0.61,2000.0
889,264,0.0,172.14,0.0,4150.0
890,252,0.0,399.87,0.3,1341.0
891,374,0.0,216.35,0.44,797.0
892,583,0.0,64.64,0.47,61.91
893,107,0.0,172.14,0.0,839.0
894,155,0.0,77.97,0.67,207.0
895,113,0.0,235.79,0.0,608.0
896,264,0.0,172.14,0.0,3188.0
207,149,0.0,172.14,0.0,2440.0
897,264,0.0,172.14,0.0,7999.0
898,264,0.0,172.14,0.0,9199.0
342,96,0.0,172.14,0.0,830.0
899,264,0.0,52.44,0.17,540.0
900,213,0.0,2409.9,0.17,7258.0
901,429,0.0,172.14,0.08,2500.0
119,12,0.0,172.14,0.3,3999.0
902,264,0.0,52.44,0.0,850.0
903,302,0.0,64.34,0.47,60.3
329,409,4.0,172.14,0.07,7000.0
904,264,0.0,52.44,0.0,3000.0
905,345,0.0,52.44,0.0,3700.0
906,502,0.0,52.44,0.0,2700.0
350,151,0.0,172.14,0.0,4725.0
51,137,0.0,172.14,0.59,1850.0
907,565,0.0,68.35,0.83,257.0
908,314,0.0,117.56,0.68,542.0
909,21,0.0,172.14,0.02,11499.0
910,536,0.0,52.44,0.17,900.0
77,264,0.0,172.14,0.0,3500.0
911,216,0.0,52.44,0.14,2420.0
912,195,0.0,52.44,0.4,850.0
913,189,0.0,52.44,0.37,1150.0
429,12,0.0,172.14,0.28,4999.0
914,401,0.0,10.83,0.15,399.0
915,554,0.0,223.01,0.5,922.0
916,75,0.0,172.14,0.17,5999.0
492,409,4.0,172.14,0.13,4000.0
730,264,0.0,172.14,0.0,5800.0
747,34,3.0,52.44,0.0,2000.0
917,319,0.0,116.82,0.68,536.0
918,356,0.0,528.47,0.35,2168.51
919,394,0.0,52.44,0.05,699.0
263,151,0.0,172.14,0.0,5164.0
920,264,0.0,172.14,0.17,5142.0
921,173,0.0,172.14,0.17,1530.0
77,264,0.0,172.14,0.0,3500.0
429,409,2.3,172.14,0.17,6000.0
922,340,0.0,104.98,0.68,440.0
693,11,0.0,52.44,0.15,920.0
923,264,0.0,52.44,0.0,1000.0
924,4,0.0,172.14,0.0,650.0
925,99,0.0,890.31,0.2,2426.0
926,293,0.0,172.14,0.0,1350.0
291,245,0.0,172.14,0.33,6000.0
322,264,0.0,172.14,0.0,205.0
927,264,0.0,172.14,0.28,6000.0
928,264,0.0,172.14,0.0,350.0
929,264,0.0,22.23,0.17,6462.0
930,154,0.0,52.44,0.62,999.0
931,240,0.0,268.71,0.35,1080.28
932,300,0.0,418.19,0.17,798.0
121,409,3.8,172.14,0.08,6000.0
933,8,0.0,161.22,0.33,441.0
353,395,0.0,215.44,0.44,995.0
934,25,0.0,172.14,0.16,2500.0
935,366,0.0,345.78,0.48,1747.2
170,264,0.0,172.14,0.61,1900.0
936,264,0.0,22.23,0.17,2298.0
586,581,0.0,22.23,0.17,1032.0
255,264,0.0,52.44,0.0,499.0
937,538,0.0,52.44,0.17,900.0
938,34,0.0,52.44,0.0,1250.0
939,242,0.0,135.89,0.14,393.0
940,474,0.0,52.44,0.0,1750.0
508,264,0.0,52.44,0.13,600.0
119,409,1.0,172.14,0.08,6000.0
941,164,0.0,296.27,0.34,999.0
942,23,0.0,172.14,0.0,55000.0
943,72,0.0,172.14,0.17,5999.0
419,245,0.0,172.14,0.36,4500.0
571,36,0.0,52.44,0.0,6900.0
944,264,0.0,52.44,0.0,11400.0
945,553,0.0,52.44,0.28,4000.0
946,385,0.0,63.64,0.48,57.89
947,327,0.0,434.1,0.67,2138.0
948,21,0.0,172.14,0.26,13499.0
291,245,0.0,172.14,0.4,4500.0
34,158,0.0,172.14,0.54,2000.0
374,151,0.0,172.14,0.0,11600.0
123,264,0.0,172.14,0.13,4500.0
66,227,0.0,52.44,0.2,444.0
949,483,0.0,878.4,0.5,4464.64
950,397,0.0,59.38,0.47,35.38
951,376,0.0,424.62,0.48,2135.96
124,34,0.0,52.44,0.0,1200.0
952,316,0.0,56.88,0.76,50.0
953,1,0.0,132.73,0.53,459.0
954,264,0.0,172.14,0.04,2750.0
119,409,3.5,172.14,0.18,4000.0
955,343,0.0,52.44,0.0,4200.0
956,54,0.0,112.37,0.48,523.94
957,264,0.0,52.44,0.17,6276.0
119,409,4.0,172.14,0.13,4000.0
77,264,0.0,172.14,0.0,3500.0
63,264,0.0,172.14,0.18,4490.0
234,151,0.0,172.14,0.0,3349.0
958,98,0.0,340.5,0.17,1069.0
959,205,0.0,172.14,0.0,2500.0
960,249,0.0,52.44,0.0,5700.0
961,572,0.0,605.72,0.33,2366.0
962,264,0.0,172.14,0.19,1100.0
425,227,0.0,172.14,0.33,1999.0
520,245,0.0,172.14,0.55,4400.0
212,264,0.0,22.23,0.17,390.0
963,178,0.0,52.44,0.32,1200.0
964,7,0.0,109.42,0.5,308.0
266,12,0.0,172.14,0.08,5999.0
965,0,0.0,208.65,0.45,973.38
966,339,0.0,38.58,0.69,239.0
616,484,0.0,463.51,0.5,2222.0
967,264,0.0,172.14,0.12,2160.0
968,303,0.0,568.22,0.44,2509.0
234,151,0.0,172.14,0.0,4186.0
969,414,0.0,172.14,0.17,6000.0
970,406,0.0,29.7,0.81,264.0
701,84,0.0,91.25,0.48,415.4
971,312,0.0,101.65,0.68,413.0
222,141,0.0,172.14,0.46,1700.0
713,96,0.0,10.83,0.0,420.0
972,116,0.0,76.0,0.5,127.36
234,151,0.0,172.14,0.0,4464.0
973,508,0.0,61.66,0.47,46.9
974,90,0.0,157.69,0.47,746.38
975,205,0.0,52.44,0.0,10000.0
446,228,0.0,52.44,0.16,425.0
976,286,0.0,52.44,0.59,2000.0
977,121,0.0,143.66,0.22,458.0
978,379,0.0,76.0,0.5,127.36
317,264,0.0,52.44,0.17,1854.0
979,151,0.0,172.14,0.0,13200.0
121,409,3.0,172.14,0.08,6000.0
414,193,0.0,52.44,0.42,880.0
346,192,3.0,52.44,0.33,2400.0
980,245,0.0,52.44,0.43,10000.0
981,353,0.0,41.17,0.54,179.0
443,34,0.0,52.44,0.0,1250.0
191,460,0.0,52.44,0.0,620.0
982,104,0.0,172.14,0.0,6500.0
77,28,0.0,172.14,0.0,6417.0
983,178,0.0,52.44,0.41,1200.0
984,522,1.0,768.58,0.2,2015.0
899,264,0.0,52.44,0.17,1050.0
985,432,0.0,172.14,0.08,6000.0
986,137,0.0,172.14,0.08,5000.0
987,547,0.0,87.88,0.48,397.71
988,445,0.0,172.14,0.0,219.0
888,25,0.0,52.44,0.18,5500.0
569,149,0.0,172.14,0.0,5160.0
5,137,0.0,52.44,0.54,2000.0
989,325,0.0,113.12,0.68,506.0
990,131,0.0,80.93,0.5,154.0
484,264,0.0,52.44,0.0,1288.0
991,527,0.0,24.71,0.48,71.56
18,264,0.0,172.14,0.17,3948.0
191,460,0.0,52.44,0.0,620.0
992,250,0.0,766.17,0.3,2755.0
756,446,2.0,52.44,0.0,2815.0
77,264,0.0,172.14,0.0,3400.0
586,264,0.0,22.23,0.17,486.0
993,514,0.0,132.24,0.5,431.36
994,21,0.0,172.14,0.23,12499.0
995,25,3.0,52.44,0.23,3000.0
296,25,5.0,52.44,0.22,3000.0
996,446,3.0,52.44,0.0,1660.0
997,537,0.0,52.44,0.17,546.0
779,264,0.0,52.44,0.1,45.0
998,178,0.0,52.44,0.3,1950.0
119,409,0.0,172.14,0.2,4000.0
999,264,0.0,172.14,0.0,4299.0
1000,114,0.0,235.79,0.0,608.0
1001,409,0.0,52.44,0.0,750.0
1002,520,0.0,61.36,0.48,46.1
285,264,0.0,172.14,0.0,3000.0
841,409,5.0,172.14,0.08,6000.0
1003,566,0.0,416.89,0.29,1379.0
491,156,0.0,43.39,0.44,158.0
833,394,0.0,52.44,0.05,699.0
1004,332,0.0,156.98,0.67,1199.0
1005,322,0.0,112.38,0.68,500.0
1006,21,0.0,172.14,0.34,23000.0
492,409,3.9,172.14,0.18,4000.0
1007,106,0.0,251.87,0.33,799.0
291,245,0.0,172.14,0.4,4500.0
1008,387,0.0,450.58,0.49,1467.57
1009,580,0.0,97.21,0.5,242.0
1010,390,0.0,207.9,0.5,840.32
1011,103,0.0,172.14,0.0,1800.0
65,264,0.0,52.44,0.0,860.0
1012,445,0.0,172.14,0.0,999.0
1013,74,0.0,19.75,0.48,46.1
1014,315,0.0,287.02,0.67,1916.0
1015,455,0.0,117.02,0.5,574.0
119,409,0.0,172.14,0.13,4000.0
478,151,0.0,172.14,0.0,3574.0
5,137,0.0,52.44,0.53,2000.01
456,264,0.0,52.44,0.29,1200.0
1016,119,0.0,460.88,0.48,2108.36
207,149,0.0,172.14,0.0,5062.0
834,12,0.0,172.14,0.1,3999.0
1017,403,0.0,498.49,0.5,2636.0
1018,32,0.0,74.55,0.48,114.17
478,151,0.0,172.14,0.0,4167.0
1019,34,0.0,52.44,0.0,550.0
296,25,4.0,52.44,0.17,3000.0
1020,551,0.0,652.89,0.49,3383.77
125,264,0.0,172.14,0.11,4000.0
281,264,0.0,52.44,0.25,1200.0
1021,124,0.0,432.16,0.47,2140.52
1022,323,0.0,116.82,0.68,536.0
19,446,0.0,172.14,0.2,2500.0
1023,127,0.0,317.3,0.5,1431.68
121,409,3.5,172.14,0.08,6000.0
33,264,0.0,52.44,0.65,999.0
1024,358,0.0,833.72,0.49,4117.28
70,256,0.0,52.44,0.33,750.0
322,264,5.0,172.14,0.0,150.0
198,264,0.0,52.44,0.47,7500.0
119,409,0.0,172.14,0.13,4000.0
1025,85,0.0,72.42,0.84,334.0
929,264,0.0,22.23,0.17,3018.0
1026,264,0.0,172.14,0.0,3400.0
1027,234,0.0,529.07,0.4,2352.96
1028,264,0.0,52.44,0.0,450.0
589,264,0.0,172.14,0.17,2106.0
1029,264,0.0,52.44,0.17,7902.0
255,264,0.0,52.44,0.0,499.0
255,264,0.0,52.44,0.0,499.0
1030,35,0.0,266.12,0.29,356.0
1031,310,0.0,115.71,0.68,527.0
553,137,0.0,52.44,0.3,3000.0
1032,244,0.0,429.47,0.17,1233.0
1033,341,0.0,118.67,0.68,551.0
1034,150,0.0,144.57,0.38,399.0
571,36,0.0,52.44,0.0,4850.0
1035,215,0.0,627.96,0.49,3033.22
1036,541,0.0,993.96,0.48,4860.18
393,392,0.0,52.44,0.13,286.0
1037,264,0.0,172.14,0.0,6450.0
296,25,4.3,52.44,0.17,3000.0
1007,105,0.0,251.87,0.33,799.0
1034,150,0.0,144.57,0.38,399.0
289,264,5.0,10.83,0.17,900.0
1038,222,0.0,155.67,0.3,399.0
1039,148,0.0,191.93,0.5,754.0
1040,112,0.0,448.91,0.0,1184.0
1041,409,4.0,172.14,0.18,4000.0
1042,264,0.0,172.14,0.18,900.0
77,264,0.0,172.14,0.0,6000.0
1043,92,0.0,366.91,0.5,1699.84
1044,183,0.0,52.44,0.37,1150.0
1045,577,0.0,52.44,0.17,894.0
207,149,0.0,172.14,0.0,4220.0
1007,106,0.0,266.67,0.36,899.0
1046,177,0.0,785.23,0.24,2183.0
1047,226,0.0,71.88,0.29,231.0
308,413,0.0,172.14,0.13,4000.0
819,132,0.0,86.3,0.46,170.24
1048,101,0.0,52.44,0.0,8500.0
1049,161,0.0,296.27,0.34,999.0
1050,163,0.0,296.27,0.34,999.0
1007,105,0.0,266.67,0.36,899.0
1051,475,0.0,257.98,0.5,1111.04
1052,220,0.0,155.67,0.3,399.0
1053,162,0.0,296.27,0.34,999.0
1034,150,0.0,144.57,0.38,399.0
1054,221,0.0,155.67,0.3,399.0
1055,365,0.0,399.5,0.44,1688.0
492,409,0.0,172.14,0.13,4000.0
1056,264,0.0,52.44,0.0,2130.0
1055,365,0.0,399.5,0.44,1688.0
492,409,0.0,172.14,0.13,4000.0
1056,264,0.0,52.44,0.0,2130.0
1057,53,2.0,187.49,0.52,755.0
1058,64,0.0,430.77,0.5,1398.0
1059,60,0.0,179.84,0.5,688.64
105,264,0.0,172.14,0.53,2000.0
222,141,0.0,172.14,0.39,1300.0
1060,368,0.0,96.07,0.47,221.64
616,484,0.0,375.08,0.5,1744.0
1061,264,0.0,172.14,0.18,640.0
1062,214,0.0,68.6,0.45,79.6
1063,394,5.0,52.44,0.13,1610.0
337,396,0.0,382.94,0.49,1741.73
1064,264,0.0,52.44,0.36,1555.0
1065,264,0.0,172.14,0.2,900.0
1066,39,0.0,267.04,0.5,1160.0
429,409,4.0,172.14,0.09,5500.0
1067,500,0.0,172.14,0.51,1750.0
1068,433,0.0,172.14,0.13,4000.0
883,409,4.0,172.14,0.11,4500.0
443,34,0.0,52.44,0.0,1199.0
359,25,0.0,172.14,0.3,5000.0
1069,394,0.0,52.44,0.13,1035.0
1070,494,0.0,170.55,0.4,725.12
1071,34,0.0,52.44,0.42,600.0
1072,440,0.0,294.8,0.5,1310.08
759,264,0.0,52.44,0.16,450.0
1073,206,0.0,151.43,0.5,760.0
11,264,0.0,172.14,0.72,3000.0
1074,378,0.0,265.43,0.47,1082.45
1075,445,0.0,52.44,0.0,275.0
1076,445,0.0,172.14,0.0,259.0
163,529,0.0,52.44,0.34,555.0
1077,61,0.0,172.14,0.0,1850.0
976,286,0.0,52.44,0.53,2000.0
1078,55,0.0,109.63,0.5,309.12
1079,441,0.0,466.43,0.49,2181.79
1080,457,0.0,107.61,0.5,298.24
121,409,1.0,172.14,0.21,7000.0
1081,557,0.0,83.7,0.5,168.96
1082,29,0.0,204.35,0.5,821.12
1083,218,0.0,175.28,0.5,664.0
812,25,5.0,52.44,0.08,4000.0
213,409,4.0,172.14,0.17,3000.0
1084,501,0.0,173.21,0.5,652.8
1085,88,0.0,202.69,0.35,629.44
559,264,0.0,52.44,0.0,750.0
146,264,0.0,52.44,0.0,299.0
241,264,0.0,172.14,0.0,1075.0
180,409,0.0,172.14,0.18,4000.0
268,178,0.0,52.44,0.0,270.0
350,151,0.0,172.14,0.0,5042.0
1086,96,0.0,172.14,0.0,495.0
1087,521,0.0,301.32,0.5,1345.28
1088,525,0.0,632.6,0.2,1960.0
1089,264,0.0,52.44,0.0,420.0
1090,478,0.0,760.44,0.2,1988.0
1091,82,0.0,89.03,0.5,197.76
1092,77,0.0,52.44,0.0,888.0
1093,254,0.0,782.27,0.3,2355.0
171,264,0.0,172.14,0.17,2376.0
1094,553,0.0,172.14,0.18,6000.0
1095,513,0.0,467.97,0.33,1853.44
1096,182,0.0,52.44,0.44,750.0
492,409,4.0,172.14,0.13,4000.0
1097,381,0.0,76.12,0.35,99.2
1098,578,0.0,287.21,0.29,435.0
1099,245,0.0,52.44,0.51,500.0
1100,546,0.0,225.43,0.5,1160.0
1101,377,0.0,107.85,0.5,299.52
703,43,0.0,172.14,0.09,7695.0
63,264,0.0,172.14,0.16,5500.0
244,11,0.0,52.44,0.34,350.0
414,193,0.0,52.44,0.42,880.0
1102,445,0.0,52.44,0.0,575.0
1028,264,0.0,52.44,0.0,450.0
589,264,0.0,172.14,0.17,2502.0
162,264,0.0,52.44,0.0,499.0
1103,25,0.0,52.44,0.05,5500.0
1069,394,0.0,52.44,0.13,1035.0
1104,502,0.0,172.14,0.0,9000.0
344,34,0.0,52.44,0.11,1799.0
112,137,0.0,52.44,0.27,1300.0
1105,96,0.0,10.83,0.0,980.0
1106,571,0.0,257.79,0.5,1110.0
436,373,0.0,212.68,0.45,788.19
296,25,5.0,52.44,0.11,4500.0
1107,473,0.0,176.95,0.5,26.0
1108,552,0.0,382.54,0.5,1784.32
1109,129,0.0,730.51,0.45,2746.46
393,392,0.0,52.44,0.0,249.0
359,25,0.0,172.14,0.3,5000.0
569,149,0.0,172.14,0.0,5845.0
272,264,0.0,52.44,0.31,200.0
1110,506,0.0,172.14,0.0,6400.0
40,139,0.0,52.44,0.0,2000.0
1111,36,0.0,52.44,0.0,7300.0
225,245,0.0,52.44,0.33,6000.0
1112,25,0.0,52.44,0.0,2225.0
450,264,0.0,52.44,0.41,850.0
1113,141,0.0,172.14,0.36,1050.0
46,207,0.0,172.14,0.0,3000.0
1114,239,0.0,237.07,0.5,998.0
1115,485,0.0,450.19,0.44,1935.0
1116,217,0.0,501.18,0.46,2255.68
1117,21,0.0,172.14,0.32,13499.0
1118,393,0.0,172.14,0.0,2300.0
359,25,4.0,172.14,0.3,5000.0
1119,264,0.0,172.14,0.0,3088.0
119,409,0.0,172.14,0.14,7000.0
121,409,3.8,172.14,0.08,6000.0
20,576,0.0,327.91,0.29,589.0
125,264,0.0,172.14,0.28,4999.0
1120,434,3.0,172.14,0.12,6000.0
571,36,0.0,52.44,0.0,5850.0
1121,46,0.0,819.28,0.5,4370.0
806,245,5.0,52.44,0.24,7000.0
1122,12,0.0,172.14,0.1,6999.0
1123,178,0.0,52.44,0.31,1999.0
1124,264,0.0,172.14,0.0,3800.0
1125,454,1.0,52.44,0.06,3500.0
337,120,0.0,482.95,0.5,2552.0
1099,245,0.0,52.44,0.51,500.0
296,25,0.0,52.44,0.11,4500.0
478,151,0.0,172.14,0.0,4464.0
1126,380,0.0,808.9,0.4,2891.2
1127,6,0.0,852.56,0.48,4130.15
1128,122,0.0,265.39,0.5,1376.0
1129,456,0.0,93.71,0.35,347.2
1130,70,0.0,123.48,0.35,297.6
1131,404,0.0,540.34,0.47,2690.45
571,36,0.0,52.44,0.0,5850.0
1132,364,0.0,60.2,0.35,206.83
806,245,4.0,52.44,0.3,7000.0
234,151,0.0,172.14,0.0,3909.0
1133,264,0.0,172.14,0.0,2500.0
1134,178,0.0,52.44,0.31,1999.0
1135,48,0.0,52.44,0.0,500.0
1136,352,0.0,279.95,0.4,1222.08
1137,394,0.0,52.44,0.13,688.0
1138,371,0.0,615.43,0.4,2556.16
291,245,0.0,172.14,0.4,4500.0
1139,264,0.0,52.44,0.17,4020.0
1140,422,0.0,172.14,0.05,3300.0
1141,574,0.0,52.44,0.0,6765.0
1142,445,0.0,172.14,0.0,139.0
844,445,0.0,172.14,0.0,425.0
559,264,0.0,52.44,0.0,600.0
1143,264,0.0,172.14,0.0,1450.0
386,351,0.0,52.44,0.55,444.0
317,264,0.0,52.44,0.17,1854.0
1144,354,0.0,233.94,0.48,1151.86
1145,264,0.0,52.44,0.0,18698.0
343,264,0.0,172.14,0.0,4200.0
1146,355,0.0,369.94,0.33,1456.0
296,25,5.0,52.44,0.17,3000.0
380,137,0.0,52.44,0.33,2000.0
1147,562,0.0,76.83,0.47,124.08
268,178,5.0,52.44,0.0,270.0
359,25,0.0,172.14,0.33,3000.0
1148,76,0.0,166.4,0.5,616.0
546,73,0.0,15.45,0.5,24.96
165,579,0.0,298.12,0.5,1328.0
1149,472,0.0,189.78,0.4,80.0
1150,264,0.0,10.83,0.0,499.0
1151,10,0.0,64.24,0.47,59.76
296,25,0.0,52.44,0.17,3000.0
1152,564,0.0,268.52,0.23,759.0
569,149,0.0,172.14,0.0,3300.0
1153,369,0.0,222.34,0.49,1114.61
1154,512,0.0,162.32,0.5,593.92
1155,460,0.0,52.44,0.0,620.0
1156,11,5.0,52.44,0.12,2450.0
1157,394,0.0,52.44,0.13,688.0
478,151,0.0,172.14,0.0,4764.0
1158,423,0.0,172.14,0.08,6000.0
703,43,0.0,172.14,0.1,11800.0
1159,553,0.0,172.14,0.28,4000.0
1160,515,0.0,153.28,0.33,578.0
1161,264,0.0,52.44,0.0,8250.0
382,96,0.0,52.44,0.0,199.0
1162,488,0.0,471.1,0.41,1374.0
661,394,0.0,52.44,0.13,977.0
1163,79,0.0,293.87,0.3,470.0
36,241,0.0,52.44,0.4,555.0
1164,570,0.0,413.93,0.29,1368.0
1165,264,0.0,52.44,0.0,3385.0
906,502,0.0,52.44,0.0,3000.0
196,394,0.0,52.44,0.13,746.0
259,264,0.0,52.44,0.17,2358.0
789,346,0.0,350.66,0.5,1612.0
1166,251,0.0,373.97,0.3,1241.0
1167,229,0.0,451.67,0.17,1295.0
50,264,0.0,172.14,0.38,1200.0
5,137,0.0,52.44,0.42,2500.0
1168,80,0.0,459.63,0.44,1399.0
317,264,0.0,52.44,0.17,2358.0
1169,255,0.0,447.97,0.3,1527.0
1102,445,0.0,52.44,0.0,299.0
1170,445,0.0,172.14,0.0,269.0
1170,445,0.0,172.14,0.0,249.0
1171,573,0.0,408.75,0.23,1252.0
1172,126,0.0,998.34,0.35,3461.08
1173,153,0.0,70.33,0.33,195.0
1028,264,0.0,52.44,0.0,450.0
1174,264,0.0,52.44,0.38,3000.0
1175,569,0.0,63.1,0.46,53.76
1176,95,0.0,172.14,0.17,2999.0
410,264,0.0,52.44,0.0,740.0
1177,264,0.0,52.44,0.0,850.0
1178,560,0.0,869.97,0.33,3483.0
1179,81,0.0,451.45,0.5,1509.76
1180,264,0.0,172.14,0.17,5142.0
559,264,0.0,52.44,0.0,600.0
255,264,0.0,52.44,0.0,499.0
1181,264,0.0,52.44,0.0,650.0
1182,467,0.0,52.44,0.0,999.0
1183,37,0.0,10.83,0.0,389.0
317,264,0.0,52.44,0.17,1794.0
520,245,0.0,172.14,0.55,4400.0
1184,34,0.0,52.44,0.0,2300.0
263,151,0.0,172.14,0.0,5164.0
1185,539,0.0,22.23,0.17,900.0
89,151,0.0,172.14,0.0,6112.0
77,28,0.0,172.14,0.0,4900.0
1186,362,0.0,262.05,0.17,292.0
1187,446,0.0,52.44,0.15,4950.0
1188,476,0.0,566.0,0.44,2498.0
478,151,0.0,172.14,0.0,4764.0
508,264,0.0,52.44,0.13,600.0
1189,51,0.0,656.28,0.0,1632.0
1190,205,0.0,172.14,0.0,11450.0
1019,34,0.0,52.44,0.0,550.0
817,43,0.0,172.14,0.09,8495.0
703,43,0.0,172.14,0.1,10775.0
